id,user,created_at,text
1049808862314786817,COU_PTW,2018-10-09 23:48:31,RT starwars bobafett mimbanstormtrooper
1049805513050021890,Ceesarmartin84,2018-10-09 23:35:13,RT HotToys 1 6th scale HanSolo Regular amp Deluxe Version collectible figures from SoloAStarWarsStory are available fo
1049805500685127681,Ceesarmartin84,2018-10-09 23:35:10,RT HotToys 1 6th scale HanSolo Mudtrooper collectible figure from SoloAStarWarsStory is available for pre order now
1049803050964140033,TheMasahonin,2018-10-09 23:25:26,RT Hot Chocolate Recipe The Han Coco Meteor Meringue HanSolo w
1049802684528758786,AwesomeGeekShow,2018-10-09 23:23:59,RT The Force Link 2 0 set finally went on sale in stores around S Florida This actually rang up at 7 even though the
1049802500721774592,FavStarWarsFigs,2018-10-09 23:23:15,The Force Link 2 0 set finally went on sale in stores around S Florida This actually rang up at 7 even though t
1049802284614504448,MTMEblog,2018-10-09 23:22:23,RT Hot Chocolate Recipe The Han Coco Meteor Meringue HanSolo w
1049800191686000640,WildKidz_Unltd,2018-10-09 23:14:04,AD OK we admit it There are 1 product by Chris Wahl RedBubble in our store including the 1 delicious tee
1049796478821195780,PopCultureJunk2,2018-10-09 22:59:19,Found the last two STAR WARS Movie Moments and at a great deal for only 7 each starwars funkopop funko
1049796275854561281,MelissaSChapman,2018-10-09 22:58:31,RT Hot Chocolate Recipe The Han Coco Meteor Meringue HanSolo w
1049795368072822784,SketchWars,2018-10-09 22:54:54,by starwars starwarsfanart bountyhunter starwarsart hansolo starwarsresistance clonewars
1049793132752068613,1JosephDaniel1,2018-10-09 22:46:01,KingWookiee StarWarsFanArt art StarWars Chewbacca HanSolo MillenniumFalcon SoloMovie
1049789783084593152,amnichols,2018-10-09 22:32:43,RT Hot Chocolate Recipe The Han Coco Meteor Meringue HanSolo w
1049810943134363648,CassiieD,2018-10-09 23:56:48,Go to a work event leave with a 3 foot tall cactus crazyplantlady TooFly4ACacti cactus Halifax Nov
1049810835852460035,EisnorJ,2018-10-09 23:56:22,RT Unbelievable day yesterday We finally tagged 2 female white sharks immature amp 10ft long is named after Captai
1049810733167464449,MagicMark9,2018-10-09 23:55:57,RT Finally a big mature female At 15ft long is the second biggest white shark we ve ever tagged in the North At
1049810012900651011,rPierrePoutine,2018-10-09 23:53:06,RT Nova Scotia s hitting its autumnal stride right now and we would love to showcase some of this province s fall beauty Reply
1049809726433832961,carsonbc,2018-10-09 23:51:57,RT Our Oyster Stout is available at 60 NSLC across Nova Scotia Get yours now NSCraftBeer SoberIslandBrew OysterSto
1049809630782734338,adamdenney2311,2018-10-09 23:51:35,RT Do you have someone on your Christmas list that is missing Nova Scotia We ve got beautiful NS Coasters made by our Trai
1049809507063386113,suelevy20919779,2018-10-09 23:51:05,RT Our Oyster Stout is available at 60 NSLC across Nova Scotia Get yours now NSCraftBeer SoberIslandBrew OysterSto
1049809335738687489,Nicola_R_White,2018-10-09 23:50:24,RT ca It s Citizenship Week To celebrate we are highlighting newcomers to Nova Scotia who recently received their citizenship Up
1049809287789334529,MieneML,2018-10-09 23:50:13,RT Finally a big mature female At 15ft long is the second biggest white shark we ve ever tagged in the North At
1049808471405809665,SackvilleRivers,2018-10-09 23:46:58,RT On Wed October 17th at 7 30pm join Dr Sara Spike at the as she explores the past of the hundreds of islands alon
1049808449268273152,JamieLeeSpice,2018-10-09 23:46:53,RT Adam Saint John refinery explosion was heard cross the Bay of Fundy in Nova Scotia according to Pic
1049808081901813765,MahoneBayMyers,2018-10-09 23:45:25,RT NS government fails to give parents same protected leave as other provinces used Majority to vote down
1049807978667360256,KattukExped,2018-10-09 23:45:01,A great hiking group today from cruises We ve been taking lovely German guests from Aida for 7 years now an
1049807660508438528,HRMLovelace,2018-10-09 23:43:45,RT Province urged to give municipalities power to post speed limits under 50km h CBC News nspoli
1049807305162797057,RopeSkippingNS,2018-10-09 23:42:20,RT Beyond honoured to be named a recipient to the Order of Nova Scotia alongside these incredible Nova Scotians Congratulati
1049810700800061442,Lilylive000Lily,2018-10-09 23:55:50,RT So now African American men better not be caught with white kids in his car This Trumpism BS is really getting tired This
1049810122459889664,sjposaune,2018-10-09 23:53:32,Great job NYT So Donny after reading this entire NYT article I m thinking the ONLY way to clear your once pro
1049809347423989760,nanelvisfan,2018-10-09 23:50:27,RT So now African American men better not be caught with white kids in his car This Trumpism BS is really getting tired This
1049809153751887872,Mohamudaden48,2018-10-09 23:49:41,RT realDonaldTrump It is amazing that the president of US not Rundheera Republic detesting publicly the right decision t
1049808744354336769,BrewsNale,2018-10-09 23:48:03,Taylorswift realDonaldTrump VoteRed MarshaBlackburn mega narcisist can t tolerate the negative attention her
1049808263364190209,flappernapple,2018-10-09 23:46:09,A man who can do no wrong is a man who can do no right realDonaldTrump
1049807499602214913,amwcb6179,2018-10-09 23:43:07,RT WeThePeople are now the News Tune in LIVE to our 24 7 LiveStream gt MSM Qanon RealNews Tr
1046168308238753792,RachenDaniela,2018-09-29 22:42:16,Who does not understand a look also include a long explanation techsytalk
1049810748321320960,moviebudget,2018-10-09 23:56:01,RT GoT gameofthrones georgerrmartin
1049810613176799232,monges_gabriel,2018-10-09 23:55:29,RT T rodead de spoilers y teor as acerca de GameOfThrones Vuelve a vivir la 5 temporada de GOT en CinemaxLA Horar
1049808609415180288,ORUERICKY,2018-10-09 23:47:31,RT T rodead de spoilers y teor as acerca de GameOfThrones Vuelve a vivir la 5 temporada de GOT en CinemaxLA Horar
1049807953488941056,taylor_tnt,2018-10-09 23:44:55,Imma name my kids Daenerys Drogon Aria and Oberyn GoT
1049807571756826624,KyleLivings92,2018-10-09 23:43:24,RT Come see GameofThrones Season 6 Episode 4 Book of the Stranger REACTION GoT
1049807433432875010,BSpodNetwork,2018-10-09 23:42:51,RT If can do it so can you but listen to them do it first Thanks in advance GOT BSPN
1049807431235186694,BSpodNetwork,2018-10-09 23:42:50,If can do it so can you but listen to them do it first Thanks in advance GOT BSPN
1049806098893422592,Fireronin29,2018-10-09 23:37:33,RT Filming on GameofThrones is over but Northern Ireland isn t quite ready to let go of the show that did so much for its film i
1049806050185101312,janiceskipwith,2018-10-09 23:37:21,RT english Twin Day was a success got your back grammarpolice tdhs
1049806037358968832,claumarullo,2018-10-09 23:37:18,RT T rodead de spoilers y teor as acerca de GameOfThrones Vuelve a vivir la 5 temporada de GOT en CinemaxLA Horar
1049804676139507712,Marziaingrid7,2018-10-09 23:31:53,What does chemistry mean Me Caryl braime twd Got
1049804598498611200,XixinaXixikk,2018-10-09 23:31:35,Awesome company with great potential I believe in her success and advise you Continue to follow the news As the
1049804220164165632,Gustavodomecq4,2018-10-09 23:30:05,RT T rodead de spoilers y teor as acerca de GameOfThrones Vuelve a vivir la 5 temporada de GOT en CinemaxLA Horar
1049804077373120512,tuanahanh,2018-10-09 23:29:31,You can not even imagine what prospects the project has You need to join and not lose such a possibility Team and
1049810767103631360,BlackHeartTees1,2018-10-09 23:56:06,RT pksp Got Another Sale for our King Shirt Thank you Canada King BlackHeartTees
1049810740297625600,canadacentre1,2018-10-09 23:55:59,Canada StudyAbroad
1049810716180566017,skilar014,2018-10-09 23:55:53,RT If you are in college or low tier job please retweet and dm e so I can give 500 daily to help Many thanks sugarba
1049810678528299008,MisterR2018,2018-10-09 23:55:44,RT Arnprior Ontario Only 15 tickets remain and then we are sold out Tickets for all other shows are selling FAST Cana
1049810672815693824,Londonislovinit,2018-10-09 23:55:43,RT Also trending moser Czech Bohemian glass Christmas2018 vintage vintageclique Londonislovin
1049810556973195265,t1212fish,2018-10-09 23:55:15,RT I am giving thanks today for Canada with love and respect from your shitty downstairs neighbors CanadianThanksgiving
1049810540992913408,wakker_nieuws,2018-10-09 23:55:12,It s happening in America with the Dems and it s happening in Canada with the Liberals Many people consider a
1049810504275890178,SigloDurango,2018-10-09 23:55:03,Punto de patentes del USMCA encarecer a medicinas en Canad
1049810471665176581,bagoflettuce,2018-10-09 23:54:55,TuesdayMotivation TuesdayThoughts Yesssssss I wanted to put emphasis on the funny bone as I amwriting humor
1049810467131154434,dalsimnews,2018-10-09 23:54:54,RT Halifax listed in the top 10 cities in Canada to launch a tech startup via
1049810358590943232,FOZZYROCK,2018-10-09 23:54:28,Arnprior Ontario Only 15 tickets remain and then we are sold out Tickets for all other shows are selling FAST
1049810292123860992,talk_ganja,2018-10-09 23:54:12,RT EdibleMarijuana products are still illegal in Canada reports Karen Graham
1049810202298601472,GlobalRegina,2018-10-09 23:53:51,RT A HUGE difference in temperatures today across Canada today Prairies Sask Skstorm YQR
1049810186133737473,ReddevilxSam,2018-10-09 23:53:47,RT Awareness CANADA S SHAME AnimalRights BanTheSealHunt Canada
1049810169536888832,Fabianvolsung,2018-10-09 23:53:43,RT Awareness CANADA S SHAME AnimalRights BanTheSealHunt Canada
1049810817753829376,hukam_rawat,2018-10-09 23:56:18,RT Proud to see ShahrukhMania at the AsianParaGames2018 AthleteVillage SRK and Sports bringing the entire Asian contin
1049810716193116160,ajaymak01,2018-10-09 23:55:53,RT Proud to see ShahrukhMania at the AsianParaGames2018 AthleteVillage SRK and Sports bringing the entire Asian contin
1049808981970030593,SRKuniverseIT,2018-10-09 23:49:00,RT Proud to see ShahrukhMania at the AsianParaGames2018 AthleteVillage SRK and Sports bringing the entire Asian contin
1049808054621884416,shahyukisnowy,2018-10-09 23:45:19,RT Gm sir amp srkians SRK ShahRukhKhan Bollywood
1049807884803031040,SupnerPiyush,2018-10-09 23:44:38,RT Proud to see ShahrukhMania at the AsianParaGames2018 AthleteVillage SRK and Sports bringing the entire Asian contin
1049806375818158080,vaibhav_k23,2018-10-09 23:38:39,RT Proud to see ShahrukhMania at the AsianParaGames2018 AthleteVillage SRK and Sports bringing the entire Asian contin
1049805359957729281,ce_faraz,2018-10-09 23:34:36,RT Proud to see ShahrukhMania at the AsianParaGames2018 AthleteVillage SRK and Sports bringing the entire Asian contin
1049805298272223232,Sh_Alblwy,2018-10-09 23:34:22,RT Proud to see ShahrukhMania at the AsianParaGames2018 AthleteVillage SRK and Sports bringing the entire Asian contin
1049805259978215425,Sh_Alblwy,2018-10-09 23:34:13,RT Clean shaven look is back King Khan clicked at Mumbai Airport SRK ShahRukhKhan
1049805143762292736,kolkata24x7,2018-10-09 23:33:45,HockeyWorldCup OpeningCeremony SRK
1049804937289453568,im__chaudhary,2018-10-09 23:32:56,RT Proud to see ShahrukhMania at the AsianParaGames2018 AthleteVillage SRK and Sports bringing the entire Asian contin
1049804234735022083,srkjapancfc,2018-10-09 23:30:08,Gm sir amp srkians SRK ShahRukhKhan Bollywood
1049803021167861762,Sh_Alblwy,2018-10-09 23:25:19,RT krishna SRK king khan supporting the Hockey Men s World Cup Bhubaneswar 2018 Odisha2018
1049802293544189952,somala_dinesh,2018-10-09 23:22:25,RT Proud to see ShahrukhMania at the AsianParaGames2018 AthleteVillage SRK and Sports bringing the entire Asian contin
1049802260220403712,SRKMylife__,2018-10-09 23:22:17,RT Proud to see ShahrukhMania at the AsianParaGames2018 AthleteVillage SRK and Sports bringing the entire Asian contin
1049810603110363136,WesleyCoughlan,2018-10-09 23:55:26,RT Halifax councillor asks staff to look at banning new drive thrus reports hfxpoli
1049810402446594049,CTVAtlantic,2018-10-09 23:54:39,Halifax councillor asks staff to look at banning new drive thrus reports
1049809419607756800,jessleeder,2018-10-09 23:50:44,Meanwhile in halifax
1049808097332682752,LizJefferson79,2018-10-09 23:45:29,RT via During the 1990s a previous incarnation govt eagerly hopped into bed w private partne
1049806471796613125,Fruit_Slinger,2018-10-09 23:39:01,RT Rent I m looking for community stories from Halifax Dartmouth Bedford LowerSackville DM me with news events interest
1049806349884772352,randolf828,2018-10-09 23:38:32,RT Today a Halifax NS reporter tweeted a photo of a crime and tweeted Not impressed by the asshole s who did this
1049805921302523905,LogManMaritimes,2018-10-09 23:36:50,RT Can you believe it s been 20 years already To celebrate people who open a MACPASS account this month will be entered to
1049805531156746241,SarahJ902,2018-10-09 23:35:17,RT Special weather statement in place for Halifax
1049805499686780928,NBTweeters,2018-10-09 23:35:10,Updated report on possible CFL team in Halifax tenatively set for council meeting on Oct 30 halifax ns
1049804846671511553,CDNOpticalWhse,2018-10-09 23:32:34,Frames starting at 20 Now that s tough to beat Style Choice Come meet our friendly staff at 103 Chain Lake
1049803948054507522,Darrel_Mac,2018-10-09 23:29:00,RT Can you believe it s been 20 years already To celebrate people who open a MACPASS account this month will be entered to
1049802980210429956,HHBridges,2018-10-09 23:25:09,Can you believe it s been 20 years already To celebrate people who open a MACPASS account this month will be en
1049801609268604934,oscarmorton70,2018-10-09 23:19:42,the last time he tossed in name on a ballot was for hammondsplains MLA and he lost badly and th
1049800511082225666,BigJMcC,2018-10-09 23:15:20,You d think government would have less to do when something becomes legal but no all the levels of g
1049800425661116416,CMHC_ca,2018-10-09 23:15:00,Total housing starts in Halifax trended higher in September impacted by continued strength in apartment construct
1047143548393525248,DalGlobalHealth,2018-10-02 15:17:31,RT DalProud of our DalMACS alumni Congratulations everyone was proud to have you as our students May the
1047140627459313666,dalfcs,2018-10-02 15:05:55,RT DalProud of our DalMACS alumni Congratulations everyone was proud to have you as our students May the
1047140384181301249,RaghavSampangi,2018-10-02 15:04:57,DalProud of our DalMACS alumni Congratulations everyone was proud to have you as our students May
1049743510201663490,tarifakitesurf,2018-10-09 19:28:50,RT Watersports La I Traves a Mar Menor se celebrar estos pr ximos 12 13 y 14 de Octubre en la playa de Las Salinas Murcia
1049511525948506112,bluphoenixrebel,2018-10-09 04:07:01,Please DM me your 1 kite retailer in Nigeria for your kites from the store of in preparatio
1049413432443854849,byvirch,2018-10-08 21:37:14,RT zaveri Are you ready with your kites to fly this festive season Here s a look at how people are celebrating MakarSankranti
1049295873505726465,patangdori,2018-10-08 13:50:05,order beautiful kites at kite patang kitefestival kiteflying patangbazi
1049223821721571328,Wet_Watersports,2018-10-08 09:03:47,La I Traves a Mar Menor se celebrar estos pr ximos 12 13 y 14 de Octubre en la playa de Las Salinas Murcia
1049221141183811584,FashionArtlady,2018-10-08 08:53:08,RT Great event lbinj kitefestival going on thru Monday This was one of our favs
1049163723494051840,_annaaa456,2018-10-08 05:04:58,RT zaveri Are you ready with your kites to fly this festive season Here s a look at how people are celebrating MakarSankranti
1049098934398930944,NewJerseyBuzz,2018-10-08 00:47:31,Great event lbinj kitefestival going on thru Monday This was one of our favs
1048635045831798786,WelcomeToLBI,2018-10-06 18:04:12,4th Annual LBI FLY International Kite Festival happening now lbikitefestival lbifly lbi longbeachisland
1047826234934267904,patangdori,2018-10-04 12:30:16,we are kite makers based at India Especially paper kites You can order online We ship
1047803336278401024,chirag_goud,2018-10-04 10:59:17,RT Mylar paper kite order your kites online at we ship all over the world kite patang fighterkit
1047799062500655105,wobm,2018-10-04 10:42:18,RT Kiters From Around The World Head to Long Beach Island This Weekend lbi longbeachisland
1047791747546456065,ShawnieMikes,2018-10-04 10:13:14,Kiters From Around The World Head to Long Beach Island This Weekend lbi
1047767040797396993,patangdori,2018-10-04 08:35:03,Mylar paper kite order your kites online at we ship all over the world kite patang
1047605236922306560,G30rgina,2018-10-03 21:52:06,KiteBeach KiteFestivalDubai KiteFestival KiteFest Kites Kite Flying FlyingHigh FlyingHighInTheSky Dubai
1049810975589691392,SmokingVapors,2018-10-09 23:56:55,Sewed a patch today HIM FOREVER heartagram band music heart love lovemetal art artist
1049810975380070402,greatmido,2018-10-09 23:56:55,RT As part of our continued efforts to promote mainstream blockchain adoption Musards introduces the Artist Outreach Camp
1049810972699844608,babi0728,2018-10-09 23:56:55,RT movie BUMP OF CHICKEN MV Music BUMP official ch
1049810971248775169,R_Estreno,2018-10-09 23:56:54,Bryant Myers Tanta Falta music genre song songs melody hiphop rnb pop love
1049810947970236417,marimemoirs,2018-10-09 23:56:49,Incase you don t know a project I began here is the first posting what it s about If you love music it s MUST
1049810947366240258,alalia_strings,2018-10-09 23:56:49,Hypnophone Biosphere shuffle music
1049810943025262592,EmPrEsS_BoOgie,2018-10-09 23:56:48,This bazzi cosmic music love beautiful awesome ilovemusic musicislife
1049810936905625600,prettii_barzz,2018-10-09 23:56:46,Posted a new song FEMALE ESCOBAR music
1049810932795404291,psJeferson,2018-10-09 23:56:45,aqui que eu me sinto muito bem drummer music drums band church
1049810927619592192,BluePurpleMusic,2018-10-09 23:56:44,Here Are All the Winners From the 2018 AMAs So Far music bilboard
1049810917389684736,Nightitaly,2018-10-09 23:56:41,Already There ARY On Web radio music
1049810899484196865,kvlt_ov_romance,2018-10-09 23:56:37,Listen to Don t Give A Fuck by Kvlt ov Romance on SoundCloud music footwork juke electronic lofi
1049810751966404608,TerryforTrump,2018-10-09 23:56:02,RT Divider Obama vs the Nation Attacked Cops Christians and Clingers American Thinker waro
1049810583942508544,outlaw_mann,2018-10-09 23:55:22,RT When this rotten cantaloupe that was the Obama cartel is finally ripped open it will be CatherineHerridge who deserv
1049810296846635008,sbingcb,2018-10-09 23:54:13,RT In 100 years history will treat Obama harshly Portraying him as a smooth charismatic Neoliberal instrument succes
1049809528823328769,PrisonClinton,2018-10-09 23:51:10,Let s make a deal Democrats we will spend as much money as Obama gave Iran for the border wall Secureborders MAGA
1049808837929312257,Bonfiredesigns,2018-10-09 23:48:26,RT How does it feel as a mother to know the hate your party your boss and you created with your lies have now
1049808768186425344,AR10_Fan,2018-10-09 23:48:09,MAGA Kavanaugh KavanaughConfirmation HimToo Democrats Obama WalkAway
1049808464778805249,JanetPursley,2018-10-09 23:46:57,RT Obama s Benghazi Body Bags No Mere Conspiracy Theory American Thinker obama obamagate B
1049808315864080384,Alleygarcia3,2018-10-09 23:46:21,RT Incredible how spewing disunity she sure doesn t get it We are United States of America We had enough
1049808271253561344,ReportBlags,2018-10-09 23:46:11,How Obama helped Iran develop nuclear weapons Another headline for you EnemyofthePeople Traitors FakeNews
1049808144933650432,resistant108,2018-10-09 23:45:40,RT Obama s National Monuments are a Big Deal And many of these are being targeted by the Trump administration for a size
1049807613091860481,MiguelEngeel,2018-10-09 23:43:34,RT Esta con el EstadoProfundo Soros Obama Bush Clinton Esta Usando a EEUU El Jueg
1049807612005494785,RedEnsignForevr,2018-10-09 23:43:33,RT racism WOW HillaryClinton amp Obama CENSORED FreeSpeech by ASKING YouTube to BLOCK Muslim video they BLAMED for Benghazi
1049800794336321537,My_Goa_,2018-10-09 23:16:28,RT Times CM may be discharged from AIIMS in first week of November Goanews NavhindTimes Goa
1049800580028338177,My_Goa_,2018-10-09 23:15:37,RT Times Draft CZMP riddled with errors Goanews NavhindTimes Goa
1049792294046625797,Subcontractsind,2018-10-09 22:42:41,RT India Mumbai Bangalore Delhi Ahmedabad Lucknow Bihar Assam Meghalaya Nagaland manipur mizoram Tripura ar
1049792004446674944,Right_Meowth,2018-10-09 22:41:32,We are live over at right now Come drop by and see what we are up to tonight and hang out
1049791258292498432,ChaitanyaDungu1,2018-10-09 22:38:34,RT Lifting of stockpiled ironore dumps needs to be done mining Goa GoaMining gadkari
1049790834852298752,AichManoranjan,2018-10-09 22:36:53,RT Hon ble Rajya Sabha MP from Goa Shri Vinay Tendulkar Promising to stand with mining dependents before lord Ganesh We hope
1049790760474660864,AichManoranjan,2018-10-09 22:36:36,RT highlighting the hardships faced by GoaMining dependents due to the ban imposed on mining activities in Go
1049789111094132739,GoaComputers,2018-10-09 22:30:02,Lenovo Ideapad 310 80SM01EUIH Laptop on Sale at GoaComputers in Online Lenovo Store Goa
1049787690667917317,WhatIsMalware,2018-10-09 22:24:24,RT Robotica robotics robotic robot Robots business Entrepreneur DigitalTransformation Io
1049782386597093377,DJGothos,2018-10-09 22:03:19,Rocky Mountain High Radio RMH 80 this Sunday in layout and soon to master Stay tuned trance edm
1049780066744459264,Last_Elektro,2018-10-09 21:54:06,Check out this Amazon deal TCL 49S405 49 Inch 4K Ultra HD Roku Smart LED by TCL
1049779938629480450,Last_Elektro,2018-10-09 21:53:35,TCL Smart LED TV TCL 49S405 49 Inch 4K Ultra HD 2017 Model ledtv electronics
1049774817698828288,DikaMutiaratrip,2018-10-09 21:33:15,melaniecute90 Travel India travel destinations Colorful Postcards From Pushkar Goa
1049773817910976517,melaniecute90,2018-10-09 21:29:16,Travel India travel destinations Colorful Postcards From Pushkar Goa India
1049773412288159744,SlowZen,2018-10-09 21:27:39,breaking The NRA in offering up bump stocks as a sacrificial lamb to the anti gun nuts can not be trusted to supp
1049809967350345728,RisaDorken,2018-10-09 23:52:55,I only respond to Princess now disneyland
1049809012471095298,rose_a_666,2018-10-09 23:49:07,Happiest celebration pt 1 pt1 disneyland tokyodisneyland
1049808783667601414,TxADPIBri,2018-10-09 23:48:13,The way you did once upon a dream Had the best time at Disneyland and in California with my BFF
1049808546408218624,AuthorCharles,2018-10-09 23:47:16,I see no end to Traveling Paris France and Disneyland on the side The Swiss Family Robinson tree house
1049808525508009985,AuthorCharles,2018-10-09 23:47:11,I see no end to Traveling Paris France and Disneyland on the side Four days was not a long time
1049808344955985920,logangilesvick4,2018-10-09 23:46:28,RT Slinky Dog Costume at Night Disneyland Halloween toystory
1049807471361941504,biancanomaj,2018-10-09 23:43:00,RT Awesome JackSkellington cosplay by sfx her out amp show some NightmareBeforeChristmas thisishalloween C
1049806330150686720,holdmepauli,2018-10-09 23:38:28,RT La verdadera Neytiri Pandora WaltDisneyWorld Avatar Disneyland Travel Animal Kingdom
1049805854034210816,TatoiMeretiana_,2018-10-09 23:36:34,RT place Animated display from the newly remodeled World of Disney store at Downtown Disney in the Disneyland Resort in Anaheim
1049805183050543106,AmorxFd,2018-10-09 23:33:54,RT La verdadera Neytiri Pandora WaltDisneyWorld Avatar Disneyland Travel v a Instagram 09 10 18 https
1049805116361060353,FDdaily_,2018-10-09 23:33:38,La verdadera Neytiri Pandora WaltDisneyWorld Avatar Disneyland Travel v a Instagram 09 10
1049804992205467658,momo__Disney___,2018-10-09 23:33:09,Disneyland
1049804903907033090,DisneyDuder,2018-10-09 23:32:48,RT Salt amp Straw nears Disneyland
1049810969008975872,Real_Skull_Face,2018-10-09 23:56:54,RT I made a Blitz emote for Halloween RainbowSixSiege
1049810945130676224,2Fawxy4U,2018-10-09 23:56:48,RT I made a Blitz emote for Halloween RainbowSixSiege
1049810943469858816,carolineselia,2018-10-09 23:56:48,Ummmm This is giving me SERIOUS Halloween inspiration
1049810927535706113,QweenEsther89,2018-10-09 23:56:44,Day 9 31 Patchwork Doll Inspo Follow my Instagram esthers31daysofhalloween
1049810926059343872,AllegraLunaW,2018-10-09 23:56:43,RT Este p ster ha sido dise ado por Matty Ryan Tobin para un evento especial que celebrar los 40 a os de Halloween Desde
1049810913124110336,Tt2RealDotCom,2018-10-09 23:56:40,Halloween movies all October
1049810909504376832,EyKikx,2018-10-09 23:56:40,Esto de ponerle estoperoles a la ropa es sumamente tardado cansado y detallado Halloween
1049810907579084801,CharmingCurmud1,2018-10-09 23:56:39,RT Halloween
1049810901728153600,mybucketofparts,2018-10-09 23:56:38,Terror the Ninth 2sentenceterrors 2sentencehorrorstories 2ST thespookidarian amwriting halloween horror
1049810897298964480,etsygroupboard,2018-10-09 23:56:37,RT Excited to share the latest addition to my etsy shop Hocus Pocus freeshipping HocusPocus hall
1049810896837636102,BeiraMarNiteroi,2018-10-09 23:56:37,Biscoitos decorados tem ticos de Halloween Sim temos lindos e saborosos J dispon veis na loja
1049810879523561472,KatieIsHereYT,2018-10-09 23:56:32,Should I dress my cat up for Halloween poll cats
1049810877753389056,filmink,2018-10-09 23:56:32,It s not Halloween yet but according to our reviewer the new movie delivers on the hype
1049810862725361664,sourwine,2018-10-09 23:56:28,RT Protect your little spook from boo boo s with these tips for choosing a safe Halloween costume
1049810862012334081,FreeAgentMafia,2018-10-09 23:56:28,RT Gaming Livestream horror DBD DeadbyDaylight we hunt down every last survivor killermain HorrorMovies leathe
1049762534453125122,Princes12219926,2018-10-09 20:44:26,RT THE NEW MONTAGEEEEEEEEEEEEE IS SEXYYYYYYYYYYYYYYYYYYYYYYYYYYY OMGGG FREAKING PARALLEL OF ADIYA AND YJHD PALAKH I
1049660046685216768,vk_bharvad,2018-10-09 13:57:11,RT THE NEW MONTAGEEEEEEEEEEEEE IS SEXYYYYYYYYYYYYYYYYYYYYYYYYYYY OMGGG FREAKING PARALLEL OF ADIYA AND YJHD PALAKH I
1049635784792231937,_Preciousgirl__,2018-10-09 12:20:47,RT Preciousgirl 10 YEARS OF RANBIR KAPOOR This Friendship YJHD https
1049577790293434371,anusmita1196,2018-10-09 08:30:20,RT AyanMukerji is one of the if not THE youngest director in bollywood working right now No wonder why his films are so
1049575294540046341,faizapatel665,2018-10-09 08:20:25,YJHD poster vibes
1049548642611326976,Saima_Nasrullah,2018-10-09 06:34:30,RT AyanMukerji is one of the if not THE youngest director in bollywood working right now No wonder why his films are so
1049547681662521345,gurvik15_,2018-10-09 06:30:41,RT AyanMukerji is one of the if not THE youngest director in bollywood working right now No wonder why his films are so
1049546565659099136,manaramiiin,2018-10-09 06:26:15,RT AyanMukerji is one of the if not THE youngest director in bollywood working right now No wonder why his films are so
1049537887715221505,rohitmaru8,2018-10-09 05:51:46,RT AyanMukerji is one of the if not THE youngest director in bollywood working right now No wonder why his films are so
1049529050505637890,ayaansangar,2018-10-09 05:16:39,RT AyanMukerji is one of the if not THE youngest director in bollywood working right now No wonder why his films are so
1049510480128106496,RKsTwitty1,2018-10-09 04:02:52,RT RanbirKapoor DeepikaPadukone Sanju Yjhd BunnyNaina Tamasha VedTara
1049462175968972801,TheRevenge121,2018-10-09 00:50:55,AyanMukerji is one of the if not THE youngest director in bollywood working right now No wonder why his films a
1049394204365996032,AngelAn34468522,2018-10-08 20:20:49,RT Reshma Classy This New Montage reminds me of YJHD Beautiful Couples I have ever seen AdiYa
1049367732305764354,ThisIsSumana,2018-10-08 18:35:38,YJHD Bepannaah
1049331142736850944,Sjaswal6,2018-10-08 16:10:14,RT THE NEW MONTAGEEEEEEEEEEEEE IS SEXYYYYYYYYYYYYYYYYYYYYYYYYYYY OMGGG FREAKING PARALLEL OF ADIYA AND YJHD PALAKH I
1049798011755356160,violet41341016,2018-10-09 23:05:24,RT Face your fears head on today FaceYourFearsDay ZNMD
1049797948547223552,violet41341016,2018-10-09 23:05:09,RT Face your fears head on today FaceYourFearsDay ZNMD https
1049777796929720321,iSaloniiSingh,2018-10-09 21:45:05,RT Face your fears head on today FaceYourFearsDay ZNMD https
1049762667517206528,iarpanhr,2018-10-09 20:44:58,RT Face your fears head on today FaceYourFearsDay ZNMD
1049753839077797888,iarpanhr,2018-10-09 20:09:53,RT Face your fears head on today FaceYourFearsDay ZNMD https
1049732544634281985,hrfanforlife,2018-10-09 18:45:16,RT Face your fears head on today FaceYourFearsDay ZNMD https
1049723175540535301,ManjMaida,2018-10-09 18:08:02,RT Face your fears head on today FaceYourFearsDay ZNMD https
1049723152304144384,ManjMaida,2018-10-09 18:07:57,RT Face your fears head on today FaceYourFearsDay ZNMD
1049712422087319552,iHrithikSundar,2018-10-09 17:25:18,RT Face your fears head on today FaceYourFearsDay ZNMD https
1049710233050865664,ElaAna77617236,2018-10-09 17:16:36,RT Face your fears head on today FaceYourFearsDay ZNMD https
1049708851946315776,Autsort555,2018-10-09 17:11:07,RT Face your fears head on today FaceYourFearsDay ZNMD
1049708643703242753,Autsort555,2018-10-09 17:10:17,RT Face your fears head on today FaceYourFearsDay ZNMD https
1049707669622120448,AyanHRX,2018-10-09 17:06:25,RT Face your fears head on today FaceYourFearsDay ZNMD https
1049707631072276480,AyanHRX,2018-10-09 17:06:16,RT Face your fears head on today FaceYourFearsDay ZNMD
1049707452827095041,Queen36744496,2018-10-09 17:05:34,RT Face your fears head on today FaceYourFearsDay ZNMD https
1049810229003804672,DarTwoDeeTwo,2018-10-09 23:53:57,Lady heroes break the patriarchy support local businesses interabangbooks where s
1049810068823257088,LeadingWPassion,2018-10-09 23:53:19,Why should any kind of violence against women be criminalized through legislation Please
1049809993027878912,TrumpWillWinnn,2018-10-09 23:53:01,This isn t about women It s a political agenda They are not fooling anyone Why ar
1049809879337246720,AntifaNMS,2018-10-09 23:52:34,RT Hamburg Vor genau einem Monat haben wir die Brosch re zum Geschlechterverh ltnis und der Notwendigkeit feministischer K mpfe rausg
1049809415145250816,Aperture_Game,2018-10-09 23:50:43,RT CuriosityCore themToo Feminism showUsYourPeanuts hashtag Pixel3 madebygoogle ToxicTrump homework school zero portal2 val
1049808758392655873,RedWaveNovember,2018-10-09 23:48:07,AMAs TaylorSwiftAMAs MAGA Feminism TuesdayThoughts wednesdaythoughts madebygoogle
1049808606877667333,RamyaAndTheWord,2018-10-09 23:47:31,I wrote an article about krav maga and my changing relationship with my female body Have a read if you re interest
1049808518319144960,annemariayritys,2018-10-09 23:47:09,Why is the empowerment of women one of the most efficient tools for developing a society
1049808144292044800,DanKimbler,2018-10-09 23:45:40,succinct point on Feminism this afternoon I would add too many have to show martyrdom and retrea
1049808010120454144,BelleRosada,2018-10-09 23:45:08,Period Sex Aversion Yes It s Personal On Intimate Justice and Period Sex Averse Partners
1049807491234758656,AnitaPita_XO,2018-10-09 23:43:05,When your woman friend suggests you watch Practical Magic read between the lines sisterhood witches feminism
1049807290641969152,bewaretheblast,2018-10-09 23:42:17,RT new ANEWS podcast up episode 84 for October 5 2k18 editorial toxic culture totw feminism the news h
1049806733575684097,LJsBraceletB,2018-10-09 23:40:04,epiconetsy feminism hero jewelry fashion handmade bracelets leather shopping giftideas girlpower
1049806198235488262,miriamcosic,2018-10-09 23:37:56,Interesting review of books on the discontents of male identity by Arlie Russell Hochschild long read
1049806047311851525,838380,2018-10-09 23:37:20,doesn t that go against the teachings of feminism clambake feminism
1049810005837455360,Dcall1951,2018-10-09 23:53:04,RT And ThatsWhySheLost was CORRECT Again HillaryClinton is now officially advocating violence aga
1049809656137150464,BONNVeeVee,2018-10-09 23:51:41,Hey Libs Is there anyone of you that can articulate your positive platform for our country If you disagree wit
1049809009216290816,Mannyotiko,2018-10-09 23:49:06,RT The biggest bloodiest myth is that revolutions require violence to succeed We can bring militarism to its knees by
1049808867390054400,RaymondPTucker,2018-10-09 23:48:33,RT Shipping this month The Behavioral Science of Firearms A MentalHealth Perspective on Guns Suicide and Violence
1049808448626425857,epochchanger,2018-10-09 23:46:53,The biggest bloodiest myth is that revolutions require violence to succeed We can bring militarism to its kne
1049808070459760642,BeauEmenogu,2018-10-09 23:45:23,RT Gang Violence USA Report A mural of Lesandro Junior Guzman Feliz near the Bronx bodega where Trinitarios members
1049807812384215041,TexasSuzB,2018-10-09 23:44:21,RT And ThatsWhySheLost was CORRECT Again HillaryClinton is now officially advocating violence aga
1049807045350674432,etalbert,2018-10-09 23:41:18,Religion should not be used to sow divisions The abuse of religion continues and is undermining hopes for peace
1049805814192623616,rio_groupie,2018-10-09 23:36:25,STOP SEXUAL VIOLENCE SGSX18
1049805381793435653,i_inkling,2018-10-09 23:34:42,WALSH Democrats Who Won t Condemn LeftWing Violence Don t Have The Temperament For Office
1049804421033598979,Momatree48,2018-10-09 23:30:53,RT And ThatsWhySheLost was CORRECT Again HillaryClinton is now officially advocating violence aga
1049803182161809408,unpackedsparkle,2018-10-09 23:25:57,RT I spent my whole life chasing after men amp others who did not want me They proved it with abuse amp sometimes even Vio
1049802709912772608,ThatGoToGuy,2018-10-09 23:24:05,RT nx New single Hood I m From OUTNOW newmusic hood columbia neighborhood trap juggseason represent lyrics rapper
